{
  "hash": "d6d2128e",
  "configHash": "95f364b3",
  "lockfileHash": "6775922c",
  "browserHash": "b8db3700",
  "optimized": {
    "@angular/common": {
      "src": "../../../../../node_modules/@angular/common/fesm2022/common.mjs",
      "file": "@angular_common.js",
      "fileHash": "4afe8e05",
      "needsInterop": false
    },
    "@angular/common/http": {
      "src": "../../../../../node_modules/@angular/common/fesm2022/http.mjs",
      "file": "@angular_common_http.js",
      "fileHash": "ba25999d",
      "needsInterop": false
    },
    "@angular/core": {
      "src": "../../../../../node_modules/@angular/core/fesm2022/core.mjs",
      "file": "@angular_core.js",
      "fileHash": "a472e4ab",
      "needsInterop": false
    },
    "@angular/material/icon": {
      "src": "../../../../../node_modules/@angular/material/fesm2022/icon.mjs",
      "file": "@angular_material_icon.js",
      "fileHash": "a30caa7d",
      "needsInterop": false
    },
    "@angular/material/toolbar": {
      "src": "../../../../../node_modules/@angular/material/fesm2022/toolbar.mjs",
      "file": "@angular_material_toolbar.js",
      "fileHash": "a4385b10",
      "needsInterop": false
    },
    "@angular/platform-browser": {
      "src": "../../../../../node_modules/@angular/platform-browser/fesm2022/platform-browser.mjs",
      "file": "@angular_platform-browser.js",
      "fileHash": "fc4faff9",
      "needsInterop": false
    },
    "@angular/platform-browser/animations/async": {
      "src": "../../../../../node_modules/@angular/platform-browser/fesm2022/animations/async.mjs",
      "file": "@angular_platform-browser_animations_async.js",
      "fileHash": "fe1a62d6",
      "needsInterop": false
    },
    "@angular/router": {
      "src": "../../../../../node_modules/@angular/router/fesm2022/router.mjs",
      "file": "@angular_router.js",
      "fileHash": "19ebe99f",
      "needsInterop": false
    },
    "@angular/material/card": {
      "src": "../../../../../node_modules/@angular/material/fesm2022/card.mjs",
      "file": "@angular_material_card.js",
      "fileHash": "290ae70e",
      "needsInterop": false
    },
    "@angular/material/form-field": {
      "src": "../../../../../node_modules/@angular/material/fesm2022/form-field.mjs",
      "file": "@angular_material_form-field.js",
      "fileHash": "53ee973b",
      "needsInterop": false
    },
    "@angular/material/input": {
      "src": "../../../../../node_modules/@angular/material/fesm2022/input.mjs",
      "file": "@angular_material_input.js",
      "fileHash": "fbad2b74",
      "needsInterop": false
    }
  },
  "chunks": {
    "browser-CBZTWXDA": {
      "file": "browser-CBZTWXDA.js"
    },
    "chunk-CP3GQPXN": {
      "file": "chunk-CP3GQPXN.js"
    },
    "chunk-GXSBQ4EN": {
      "file": "chunk-GXSBQ4EN.js"
    },
    "chunk-AQLNMNGN": {
      "file": "chunk-AQLNMNGN.js"
    },
    "chunk-SPMM2GCI": {
      "file": "chunk-SPMM2GCI.js"
    },
    "chunk-UIIIK7LL": {
      "file": "chunk-UIIIK7LL.js"
    },
    "chunk-2AYT2RAQ": {
      "file": "chunk-2AYT2RAQ.js"
    },
    "chunk-YJRGOSY4": {
      "file": "chunk-YJRGOSY4.js"
    }
  }
}