{
  "hash": "18974ffa",
  "configHash": "97f8f8be",
  "lockfileHash": "78ce3d39",
  "browserHash": "9cd356b9",
  "optimized": {
    "@angular/common/http": {
      "src": "../../../../../node_modules/@angular/common/fesm2022/http.mjs",
      "file": "@angular_common_http.js",
      "fileHash": "06ffcf2b",
      "needsInterop": false
    },
    "@angular/core": {
      "src": "../../../../../node_modules/@angular/core/fesm2022/core.mjs",
      "file": "@angular_core.js",
      "fileHash": "9667a8f6",
      "needsInterop": false
    },
    "@angular/material/card": {
      "src": "../../../../../node_modules/@angular/material/fesm2022/card.mjs",
      "file": "@angular_material_card.js",
      "fileHash": "7ff4ed76",
      "needsInterop": false
    },
    "@angular/material/form-field": {
      "src": "../../../../../node_modules/@angular/material/fesm2022/form-field.mjs",
      "file": "@angular_material_form-field.js",
      "fileHash": "396b5102",
      "needsInterop": false
    },
    "@angular/material/input": {
      "src": "../../../../../node_modules/@angular/material/fesm2022/input.mjs",
      "file": "@angular_material_input.js",
      "fileHash": "48a84acf",
      "needsInterop": false
    },
    "@angular/material/toolbar": {
      "src": "../../../../../node_modules/@angular/material/fesm2022/toolbar.mjs",
      "file": "@angular_material_toolbar.js",
      "fileHash": "e50d2be8",
      "needsInterop": false
    },
    "@angular/platform-browser": {
      "src": "../../../../../node_modules/@angular/platform-browser/fesm2022/platform-browser.mjs",
      "file": "@angular_platform-browser.js",
      "fileHash": "be226861",
      "needsInterop": false
    },
    "@angular/platform-browser/animations/async": {
      "src": "../../../../../node_modules/@angular/platform-browser/fesm2022/animations/async.mjs",
      "file": "@angular_platform-browser_animations_async.js",
      "fileHash": "57fb8da1",
      "needsInterop": false
    },
    "@angular/router": {
      "src": "../../../../../node_modules/@angular/router/fesm2022/router.mjs",
      "file": "@angular_router.js",
      "fileHash": "d6ffe722",
      "needsInterop": false
    }
  },
  "chunks": {
    "browser-UCERLID6": {
      "file": "browser-UCERLID6.js"
    },
    "chunk-OIZTL7GD": {
      "file": "chunk-OIZTL7GD.js"
    },
    "chunk-JTBTFBRP": {
      "file": "chunk-JTBTFBRP.js"
    },
    "chunk-TQY5MRWW": {
      "file": "chunk-TQY5MRWW.js"
    },
    "chunk-EODXBDG7": {
      "file": "chunk-EODXBDG7.js"
    },
    "chunk-JZUW6VEX": {
      "file": "chunk-JZUW6VEX.js"
    },
    "chunk-3NDEFRE6": {
      "file": "chunk-3NDEFRE6.js"
    },
    "chunk-WWLBGXS4": {
      "file": "chunk-WWLBGXS4.js"
    }
  }
}