{
  "patients":
  [
    {
      "id": 1,
      "firstName": "Hyacinth",
      "lastName": "Tate",
      "photoUrl": "https://randomuser.me/api/portraits/men/21.jpg",
      "birthDate": "1962-07-02"
    },
    {
      "id": 2,
      "firstName": "Malcolm",
      "lastName": "Kramer",
      "photoUrl": "https://randomuser.me/api/portraits/men/51.jpg",
      "birthDate": "1961-08-10"
    },
    {
      "id": 3,
      "firstName": "Evangeline",
      "lastName": "Buckner",
      "photoUrl": "https://randomuser.me/api/portraits/women/23.jpg",
      "birthDate": "1961-12-27"
    },
    {
      "id": 4,
      "firstName": "Ori",
      "lastName": "Houston",
      "photoUrl": "https://randomuser.me/api/portraits/men/56.jpg",
      "birthDate": "1957-02-28"
    },
    {
      "id": 5,
      "firstName": "Amy",
      "lastName": "Rose",
      "photoUrl": "https://randomuser.me/api/portraits/women/9.jpg",
      "birthDate": "1964-07-28"
    },
    {
      "id": 6,
      "firstName": "Declan",
      "lastName": "Schmidt",
      "photoUrl": "https://randomuser.me/api/portraits/men/93.jpg",
      "birthDate": "1957-02-03"
    },
    {
      "id": 7,
      "firstName": "Alexander",
      "lastName": "Mcintosh",
      "photoUrl": "https://randomuser.me/api/portraits/men/87.jpg",
      "birthDate": "1962-12-25"
    },
    {
      "id": 8,
      "firstName": "Fritz",
      "lastName": "Beard",
      "photoUrl": "https://randomuser.me/api/portraits/men/6.jpg",
      "birthDate": "1957-01-24"
    },
    {
      "id": 9,
      "firstName": "Clarke",
      "lastName": "Burns",
      "photoUrl": "https://randomuser.me/api/portraits/men/25.jpg",
      "birthDate": "1961-06-17"
    },
    {
      "id": 10,
      "firstName": "Lynn",
      "lastName": "Blanchard",
      "photoUrl": "https://randomuser.me/api/portraits/men/66.jpg",
      "birthDate": "1961-07-14"
    },
    {
      "id": 11,
      "firstName": "Liberty",
      "lastName": "Morrow",
      "photoUrl": "http://zoom.us/group/9",
      "birthDate": "1958-11-18"
    },
    {
      "id": 12,
      "firstName": "Martina",
      "lastName": "Rivas",
      "photoUrl": "https://randomuser.me/api/portraits/women/34.jpg",
      "birthDate": "1956-04-21"
    },
    {
      "id": 13,
      "firstName": "Jerry",
      "lastName": "Sanders",
      "photoUrl": "https://randomuser.me/api/portraits/men/62.jpg",
      "birthDate": "1964-05-02"
    },
    {
      "id": 14,
      "firstName": "Macon",
      "lastName": "Ellison",
      "photoUrl": "https://randomuser.me/api/portraits/men/1.jpg",
      "birthDate": "1959-09-06"
    },
    {
      "id": 15,
      "firstName": "Chester",
      "lastName": "Vincent",
      "photoUrl": "https://randomuser.me/api/portraits/men/93.jpg",
      "birthDate": "1963-01-29"
    }
  ],
  "examiners":
  [
    {
      "id": 1,
      "firstName": "Xenos",
      "lastName": "Maxwell",
      "nationalProviderIdentifier": "11696694881"
    },
    {
      "id": 2,
      "firstName": "Dieter",
      "lastName": "Torres",
      "nationalProviderIdentifier": "14567296050"
    },
    {
      "id": 3,
      "firstName": "Tarik",
      "lastName": "Ball",
      "nationalProviderIdentifier": "13119644003"
    },
    {
      "id": 4,
      "firstName": "Colorado",
      "lastName": "Burch",
      "nationalProviderIdentifier": "13843295990"
    },
    {
      "id": 5,
      "firstName": "Yoko",
      "lastName": "Baker",
      "nationalProviderIdentifier": "17674760715"
    }
  ],
  "mental-state-exams":
  [
    {
      "id": 1,
      "patientId": 3,
      "examinerId": 3,
      "examDate": "2023-10-22",
      "orientationScore": 4,
      "registrationScore": 3,
      "attentionAndCalculationScore": 4,
      "recallScore": 1,
      "languageScore": 4
    },
    {
      "id": 2,
      "patientId": 7,
      "examinerId": 1,
      "examDate": "2024-01-20",
      "orientationScore": 8,
      "registrationScore": 1,
      "attentionAndCalculationScore": 4,
      "recallScore": 3,
      "languageScore": 7
    },
    {
      "id": 3,
      "patientId": 6,
      "examinerId": 3,
      "examDate": "2024-04-22",
      "orientationScore": 7,
      "registrationScore": 2,
      "attentionAndCalculationScore": 2,
      "recallScore": 2,
      "languageScore": 3
    },
    {
      "id": 4,
      "patientId": 14,
      "examinerId": 2,
      "examDate": "2024-03-26",
      "orientationScore": 5,
      "registrationScore": "0",
      "attentionAndCalculationScore": 5,
      "recallScore": "0",
      "languageScore": 8
    },
    {
      "id": 5,
      "patientId": 11,
      "examinerId": 5,
      "examDate": "2024-03-05",
      "orientationScore": 3,
      "registrationScore": 2,
      "attentionAndCalculationScore": 5,
      "recallScore": 2,
      "languageScore": 1
    },
    {
      "id": 6,
      "patientId": 9,
      "examinerId": 2,
      "examDate": "2023-09-19",
      "orientationScore": 8,
      "registrationScore": "0",
      "attentionAndCalculationScore": "0",
      "recallScore": 1,
      "languageScore": 5
    },
    {
      "id": 7,
      "patientId": 5,
      "examinerId": 3,
      "examDate": "2023-07-30",
      "orientationScore": 10,
      "registrationScore": 3,
      "attentionAndCalculationScore": 2,
      "recallScore": 3,
      "languageScore": 1
    },
    {
      "id": 8,
      "patientId": 4,
      "examinerId": 5,
      "examDate": "2023-06-21",
      "orientationScore": 9,
      "registrationScore": 2,
      "attentionAndCalculationScore": 4,
      "recallScore": 2,
      "languageScore": 8
    },
    {
      "id": 9,
      "patientId": 12,
      "examinerId": 2,
      "examDate": "2023-09-18",
      "orientationScore": 1,
      "registrationScore": 1,
      "attentionAndCalculationScore": 1,
      "recallScore": 2,
      "languageScore": 8
    },
    {
      "id": 10,
      "patientId": 10,
      "examinerId": 3,
      "examDate": "2024-02-07",
      "orientationScore": 3,
      "registrationScore": 1,
      "attentionAndCalculationScore": 3,
      "recallScore": 1,
      "languageScore": 7
    }
  ]
}
