{
  "participants": [
    {
      "id": 1,
      "firstName": "Juan",
      "lastName": "Perez",
      "photoUrl": "https://randomuser.me/api/portraits/men/76.jpg",
      "centerId": 101,
      "ranking": 3,
      "recordTime": "2:15:30"
    },
    {
      "id": 2,
      "firstName": "Maria",
      "lastName": "Gomez",
      "photoUrl": "https://randomuser.me/api/portraits/men/76.jpg",
      "centerId": 102,
      "ranking": 1,
      "recordTime": "2:10:45"
    },
    {
      "id": 23,
      "firstName": "Maria",
      "lastName": "Gomez",
      "photoUrl": "https://randomuser.me/api/portraits/men/76.jpg",
      "centerId": 103,
      "ranking": 1,
      "recordTime": "2:10:45"
    },
    {
      "id": 25,
      "firstName": "Maria",
      "lastName": "Gomez",
      "photoUrl": "https://randomuser.me/api/portraits/men/76.jpg",
      "centerId": 104,
      "ranking": 1,
      "recordTime": "2:10:45"
    },
    {
      "id": 26,
      "firstName": "Maria",
      "lastName": "Gomez",
      "photoUrl": "https://randomuser.me/api/portraits/men/76.jpg",
      "centerId": 105,
      "ranking": 1,
      "recordTime": "2:10:45"
    },
    {
      "id": 3,
      "firstName": "Pedro",
      "lastName": "Rodriguez",
      "photoUrl": "https://randomuser.me/api/portraits/men/76.jpg",
      "centerId": 103,
      "ranking": 1,
      "recordTime": "2:12:20"
    },
    {
      "id": 4,
      "firstName": "Ana",
      "lastName": "Martinez",
      "photoUrl": "https://randomuser.me/api/portraits/men/76.jpg",
      "centerId": 101,
      "ranking": 4,
      "recordTime": "2:17:55"
    },
    {
      "id": 5,
      "firstName": "Carlos",
      "lastName": "Lopez",
      "photoUrl": "https://randomuser.me/api/portraits/men/76.jpg",
      "centerId": 102,
      "ranking": 5,
      "recordTime": "2:19:10"
    },
    {
      "id": 6,
      "firstName": "Luisa",
      "lastName": "Gonzalez",
      "photoUrl": "https://randomuser.me/api/portraits/men/76.jpg",
      "centerId": 103,
      "ranking": 6,
      "recordTime": "2:20:30"
    },
    {
      "id": 7,
      "firstName": "Jorge",
      "lastName": "Hernandez",
      "photoUrl": "https://randomuser.me/api/portraits/men/76.jpg",
      "centerId": 101,
      "ranking": 7,
      "recordTime": "2:21:45"
    },
    {
      "id": 8,
      "firstName": "Laura",
      "lastName": "Sanchez",
      "photoUrl": "https://randomuser.me/api/portraits/men/76.jpg",
      "centerId": 102,
      "ranking": 8,
      "recordTime": "2:23:20"
    },
    {
      "id": 9,
      "firstName": "Diego",
      "lastName": "Ramirez",
      "photoUrl": "https://randomuser.me/api/portraits/men/76.jpg",
      "centerId": 103,
      "ranking": 9,
      "recordTime": "2:25:00"
    },
    {
      "id": 10,
      "firstName": "Sofia",
      "lastName": "Diaz",
      "photoUrl": "https://randomuser.me/api/portraits/men/76.jpg",
      "centerId": 101,
      "ranking": 10,
      "recordTime": "2:27:15"
    },
    {
      "id": 11,
      "firstName": "Alejandro",
      "lastName": "Torres",
      "photoUrl": "https://randomuser.me/api/portraits/men/76.jpg",
      "centerId": 102,
      "ranking": 11,
      "recordTime": "2:29:30"
    },
    {
      "id": 12,
      "firstName": "Valentina",
      "lastName": "Ruiz",
      "photoUrl": "https://randomuser.me/api/portraits/men/76.jpg",
      "centerId": 103,
      "ranking": 12,
      "recordTime": "2:31:45"
    },
    {
      "id": 13,
      "firstName": "Gabriel",
      "lastName": "Gutierrez",
      "photoUrl": "https://randomuser.me/api/portraits/men/76.jpg",
      "centerId": 101,
      "ranking": 13,
      "recordTime": "2:33:20"
    },
    {
      "id": 14,
      "firstName": "Fernanda",
      "lastName": "Luna",
      "photoUrl": "https://randomuser.me/api/portraits/men/76.jpg",
      "centerId": 102,
      "ranking": 14,
      "recordTime": "2:35:00"
    },
    {
      "id": 15,
      "firstName": "Ricardo",
      "lastName": "Mendoza",
      "photoUrl": "https://randomuser.me/api/portraits/men/76.jpg",
      "centerId": 103,
      "ranking": 15,
      "recordTime": "2:37:15"
    },
    {
      "id": 16,
      "firstName": "Camila",
      "lastName": "Castro",
      "photoUrl": "https://randomuser.me/api/portraits/men/76.jpg",
      "centerId": 101,
      "ranking": 16,
      "recordTime": "2:39:30"
    },
    {
      "id": 17,
      "firstName": "Martin",
      "lastName": "Santos",
      "photoUrl": "https://randomuser.me/api/portraits/men/76.jpg",
      "centerId": 102,
      "ranking": 17,
      "recordTime": "2:41:45"
    },
    {
      "id": 18,
      "firstName": "Lucia",
      "lastName": "Ortega",
      "photoUrl": "https://randomuser.me/api/portraits/men/76.jpg",
      "centerId": 103,
      "ranking": 18,
      "recordTime": "2:43:20"
    },
    {
      "id": 19,
      "firstName": "Mateo",
      "lastName": "Vargas",
      "photoUrl": "https://randomuser.me/api/portraits/thumb/women/56.jpg",
      "centerId": 101,
      "ranking": 19,
      "recordTime": "2:45:00"
    },
    {
      "id": 20,
      "firstName": "Isabella",
      "lastName": "Jimenez",
      "photoUrl": "https://randomuser.me/api/portraits/thumb/women/56.jpg",
      "centerId": 102,
      "ranking": 20,
      "recordTime": "2:47:15"
    }
  ],
  "centers": [
    {
      "id": 101,
      "name": "Centro de Maratón A"
    },
    {
      "id": 102,
      "name": "Centro de Maratón B"
    },
    {
      "id": 103,
      "name": "Centro de Maratón C"
    },
    {
      "id": 104,
      "name": "Centro de Maratón d"
    },
    {
      "id": 105,
      "name": "Centro de Maratón E"
    }
  ],
  "students": [
    {
      "id": 1,
      "name": "Emma Johnson",
      "age": 25,
      "address": "456 Park Ave, Los Angeles"
    },
    {
      "id": 2,
      "name": "Sophia Wilson",
      "age": 29,
      "address": "837 Main St, Chicago"
    },
    {
      "id": 3,
      "name": "Michael Brown",
      "age": 32,
      "address": "159 Broadway, New York"
    },
    {
      "id": 4,
      "name": "David Smith",
      "age": 22,
      "address": "734 Washington St, Los Angeles"
    },
    {
      "id": 5,
      "name": "John Lee",
      "age": 26,
      "address": "825 Broadway, Phoenix"
    },
    {
      "id": 6,
      "name": "Emma Smith",
      "age": 33,
      "address": "427 Park Ave, Houston"
    },
    {
      "id": 7,
      "name": "Michael Johnson",
      "age": 19,
      "address": "562 Main St, New York"
    },
    {
      "id": 8,
      "name": "Sophia Lee",
      "age": 21,
      "address": "310 Elm St, Phoenix"
    },
    {
      "id": 9,
      "name": "David Wilson",
      "age": 28,
      "address": "174 Washington St, Chicago"
    },
    {
      "id": 10,
      "name": "John Smith",
      "age": 20,
      "address": "695 Park Ave, Los Angeles"
    }
  ],
  "authentication": {
    "sign-up": [
      {"name": "Usuario1", "email": "usuario1@example.com"},
      {"name": "Usuario2", "email": "usuario2@example.com"}
    ],
    "sign-in": [
      {"name": "Usuario1", "email": "usuario1@example.com"},
      {"name": "Usuario2", "email": "usuario2@example.com"}
    ]
  }
}
