{
  "hash": "cb9e0aae",
  "configHash": "12203412",
  "lockfileHash": "478674ca",
  "browserHash": "48a3983d",
  "optimized": {
    "@angular/common/http": {
      "src": "../../../../../node_modules/@angular/common/fesm2022/http.mjs",
      "file": "@angular_common_http.js",
      "fileHash": "7a94a99c",
      "needsInterop": false
    },
    "@angular/core": {
      "src": "../../../../../node_modules/@angular/core/fesm2022/core.mjs",
      "file": "@angular_core.js",
      "fileHash": "3b3b94e3",
      "needsInterop": false
    },
    "@angular/material/toolbar": {
      "src": "../../../../../node_modules/@angular/material/fesm2022/toolbar.mjs",
      "file": "@angular_material_toolbar.js",
      "fileHash": "46bef38f",
      "needsInterop": false
    },
    "@angular/platform-browser": {
      "src": "../../../../../node_modules/@angular/platform-browser/fesm2022/platform-browser.mjs",
      "file": "@angular_platform-browser.js",
      "fileHash": "5e0b6b96",
      "needsInterop": false
    },
    "@angular/router": {
      "src": "../../../../../node_modules/@angular/router/fesm2022/router.mjs",
      "file": "@angular_router.js",
      "fileHash": "244cb1ad",
      "needsInterop": false
    },
    "@angular/material/table": {
      "src": "../../../../../node_modules/@angular/material/fesm2022/table.mjs",
      "file": "@angular_material_table.js",
      "fileHash": "dc88f253",
      "needsInterop": false
    },
    "@angular/material/form-field": {
      "src": "../../../../../node_modules/@angular/material/fesm2022/form-field.mjs",
      "file": "@angular_material_form-field.js",
      "fileHash": "ee22bc35",
      "needsInterop": false
    },
    "@angular/material/input": {
      "src": "../../../../../node_modules/@angular/material/fesm2022/input.mjs",
      "file": "@angular_material_input.js",
      "fileHash": "5bb1f496",
      "needsInterop": false
    }
  },
  "chunks": {
    "chunk-RCUSUR2J": {
      "file": "chunk-RCUSUR2J.js"
    },
    "chunk-IQWZJR26": {
      "file": "chunk-IQWZJR26.js"
    },
    "chunk-36NMRM3Q": {
      "file": "chunk-36NMRM3Q.js"
    },
    "chunk-GZEYQGIH": {
      "file": "chunk-GZEYQGIH.js"
    },
    "chunk-T244O4HI": {
      "file": "chunk-T244O4HI.js"
    },
    "chunk-37E5TBRO": {
      "file": "chunk-37E5TBRO.js"
    }
  }
}