{
	"info": {
		"_postman_id": "7e698934-e9a4-4dd3-a9b6-7e9e3d96cbb8",
		"name": "Catch-up",
		"schema": "https://schema.getpostman.com/json/collection/v2.1.0/collection.json",
		"_exporter_id": "4582769"
	},
	"item": [
		{
			"name": "getFavoriteSourceByNewsApiKeyAndSourceId",
			"request": {
				"method": "GET",
				"header": [],
				"url": {
					"raw": "http://localhost:8080/api/v1/favorite-sources?newsApiKey=123&sourceId=1",
					"protocol": "http",
					"host": [
						"localhost"
					],
					"port": "8080",
					"path": [
						"api",
						"v1",
						"favorite-sources"
					],
					"query": [
						{
							"key": "newsApiKey",
							"value": "123"
						},
						{
							"key": "sourceId",
							"value": "1"
						}
					]
				}
			},
			"response": []
		},
		{
			"name": "getFavoriteSourceById",
			"request": {
				"method": "GET",
				"header": [],
				"url": {
					"raw": "http://localhost:8080/api/v1/favorite-sources/1",
					"protocol": "http",
					"host": [
						"localhost"
					],
					"port": "8080",
					"path": [
						"api",
						"v1",
						"favorite-sources",
						"1"
					]
				}
			},
			"response": []
		},
		{
			"name": "createFavoriteSource",
			"request": {
				"method": "POST",
				"header": [],
				"body": {
					"mode": "raw",
					"raw": "{\r\n    \"newsApiKey\": \"123\",\r\n    \"sourceId\": 1\r\n   \r\n\r\n\r\n}",
					"options": {
						"raw": {
							"language": "json"
						}
					}
				},
				"url": {
					"raw": "http://localhost:8080/api/v1/favorite-sources",
					"protocol": "http",
					"host": [
						"localhost"
					],
					"port": "8080",
					"path": [
						"api",
						"v1",
						"favorite-sources"
					]
				}
			},
			"response": []
		}
	]
}