{
  "offers": [
    {
      "id": 1,
      "title": "Offer 1",
      "description": "Offer 1 description",
      "points": 95,
      "businessId": 1
    },
    {
      "id": 2,
      "title": "Offer 2",
      "description": "Offer 2 description",
      "points": 100,
      "businessId": 1
    },
    {
      "id": 3,
      "title": "Offer 3",
      "description": "Offer 3 description",
      "points": 50,
      "businessId": 2
    },
    {
      "id": 4,
      "title": "Offer 4",
      "description": "Offer 4 description",
      "points": 75,
      "businessId": 2
    },
    {
      "id": 5,
      "title": "Offer 5",
      "description": "Offer 5 description",
      "points": 33,
      "businessId": 3
    }
  ]
}