{
  "hash": "7b99407a",
  "configHash": "27c8f535",
  "lockfileHash": "21818f33",
  "browserHash": "3311abc9",
  "optimized": {
    "@angular/common": {
      "src": "../../../../../node_modules/@angular/common/fesm2022/common.mjs",
      "file": "@angular_common.js",
      "fileHash": "d95268ac",
      "needsInterop": false
    },
    "@angular/common/http": {
      "src": "../../../../../node_modules/@angular/common/fesm2022/http.mjs",
      "file": "@angular_common_http.js",
      "fileHash": "6579ed10",
      "needsInterop": false
    },
    "@angular/core": {
      "src": "../../../../../node_modules/@angular/core/fesm2022/core.mjs",
      "file": "@angular_core.js",
      "fileHash": "16d9ab4e",
      "needsInterop": false
    },
    "@angular/forms": {
      "src": "../../../../../node_modules/@angular/forms/fesm2022/forms.mjs",
      "file": "@angular_forms.js",
      "fileHash": "07c1e5f8",
      "needsInterop": false
    },
    "@angular/material/button": {
      "src": "../../../../../node_modules/@angular/material/fesm2022/button.mjs",
      "file": "@angular_material_button.js",
      "fileHash": "661f841d",
      "needsInterop": false
    },
    "@angular/material/card": {
      "src": "../../../../../node_modules/@angular/material/fesm2022/card.mjs",
      "file": "@angular_material_card.js",
      "fileHash": "b5cfba80",
      "needsInterop": false
    },
    "@angular/material/divider": {
      "src": "../../../../../node_modules/@angular/material/fesm2022/divider.mjs",
      "file": "@angular_material_divider.js",
      "fileHash": "d6aa9234",
      "needsInterop": false
    },
    "@angular/material/form-field": {
      "src": "../../../../../node_modules/@angular/material/fesm2022/form-field.mjs",
      "file": "@angular_material_form-field.js",
      "fileHash": "2f76e30c",
      "needsInterop": false
    },
    "@angular/material/grid-list": {
      "src": "../../../../../node_modules/@angular/material/fesm2022/grid-list.mjs",
      "file": "@angular_material_grid-list.js",
      "fileHash": "1a7b109e",
      "needsInterop": false
    },
    "@angular/material/icon": {
      "src": "../../../../../node_modules/@angular/material/fesm2022/icon.mjs",
      "file": "@angular_material_icon.js",
      "fileHash": "554fb3b4",
      "needsInterop": false
    },
    "@angular/material/input": {
      "src": "../../../../../node_modules/@angular/material/fesm2022/input.mjs",
      "file": "@angular_material_input.js",
      "fileHash": "5a833bdb",
      "needsInterop": false
    },
    "@angular/material/paginator": {
      "src": "../../../../../node_modules/@angular/material/fesm2022/paginator.mjs",
      "file": "@angular_material_paginator.js",
      "fileHash": "f0d34f97",
      "needsInterop": false
    },
    "@angular/material/progress-bar": {
      "src": "../../../../../node_modules/@angular/material/fesm2022/progress-bar.mjs",
      "file": "@angular_material_progress-bar.js",
      "fileHash": "1278fe95",
      "needsInterop": false
    },
    "@angular/material/select": {
      "src": "../../../../../node_modules/@angular/material/fesm2022/select.mjs",
      "file": "@angular_material_select.js",
      "fileHash": "11855814",
      "needsInterop": false
    },
    "@angular/material/sort": {
      "src": "../../../../../node_modules/@angular/material/fesm2022/sort.mjs",
      "file": "@angular_material_sort.js",
      "fileHash": "6ad2e26a",
      "needsInterop": false
    },
    "@angular/material/table": {
      "src": "../../../../../node_modules/@angular/material/fesm2022/table.mjs",
      "file": "@angular_material_table.js",
      "fileHash": "2c460657",
      "needsInterop": false
    },
    "@angular/material/toolbar": {
      "src": "../../../../../node_modules/@angular/material/fesm2022/toolbar.mjs",
      "file": "@angular_material_toolbar.js",
      "fileHash": "39213620",
      "needsInterop": false
    },
    "@angular/platform-browser": {
      "src": "../../../../../node_modules/@angular/platform-browser/fesm2022/platform-browser.mjs",
      "file": "@angular_platform-browser.js",
      "fileHash": "e1cfd87c",
      "needsInterop": false
    },
    "@angular/platform-browser/animations": {
      "src": "../../../../../node_modules/@angular/platform-browser/fesm2022/animations.mjs",
      "file": "@angular_platform-browser_animations.js",
      "fileHash": "34af59fb",
      "needsInterop": false
    },
    "@angular/router": {
      "src": "../../../../../node_modules/@angular/router/fesm2022/router.mjs",
      "file": "@angular_router.js",
      "fileHash": "926de12a",
      "needsInterop": false
    },
    "rxjs": {
      "src": "../../../../../node_modules/rxjs/dist/esm5/index.js",
      "file": "rxjs.js",
      "fileHash": "ce672218",
      "needsInterop": false
    },
    "@angular/fire/compat": {
      "src": "../../../../../node_modules/@angular/fire/fesm2022/angular-fire-compat.mjs",
      "file": "@angular_fire_compat.js",
      "fileHash": "e84f04eb",
      "needsInterop": false
    },
    "@angular/material/slide-toggle": {
      "src": "../../../../../node_modules/@angular/material/fesm2022/slide-toggle.mjs",
      "file": "@angular_material_slide-toggle.js",
      "fileHash": "087ec5c2",
      "needsInterop": false
    }
  },
  "chunks": {
    "chunk-FPROORHC": {
      "file": "chunk-FPROORHC.js"
    },
    "chunk-FRJETX3H": {
      "file": "chunk-FRJETX3H.js"
    },
    "chunk-F6LUI7SU": {
      "file": "chunk-F6LUI7SU.js"
    },
    "chunk-3GEZ2BPU": {
      "file": "chunk-3GEZ2BPU.js"
    },
    "chunk-M5RC455X": {
      "file": "chunk-M5RC455X.js"
    },
    "chunk-BH77AYHS": {
      "file": "chunk-BH77AYHS.js"
    },
    "chunk-BG3IRJ6M": {
      "file": "chunk-BG3IRJ6M.js"
    },
    "chunk-6AIIBHB5": {
      "file": "chunk-6AIIBHB5.js"
    },
    "chunk-475N4NFB": {
      "file": "chunk-475N4NFB.js"
    },
    "chunk-3ZEGWNU7": {
      "file": "chunk-3ZEGWNU7.js"
    },
    "chunk-QXKXDNCN": {
      "file": "chunk-QXKXDNCN.js"
    },
    "chunk-5NFNAN6B": {
      "file": "chunk-5NFNAN6B.js"
    }
  }
}