{
  "food-trucks": [
    {
      "id": 1,
      "ownerFirstName": "John",
      "ownerLastName": "Doe",
      "brandName": "The Bro Food Truck",
      "email": "bro.foodtruck@gmail.com",
      "address": "7071 Kent Street, Brooklyn, NY 11215",
      "websiteUrl": "https://www.carlitostacos.com",
      "menuUrl": "https://www.carlitostacos.com/menus/"
    },
    {
      "id": 2,
      "ownerFirstName": "Martin",
      "ownerLastName": "Woo",
      "brandName": "The Asian Food Corner",
      "email": "asianfoodcorner@gmail.com",
      "address": "759 Rockwell Lane, East Elmhurst, NY 11370",
      "websiteUrl": "https://www.elsursf.com",
      "menuUrl": "https://www.elsursf.com/our-menu/"
    },
    {
      "id": 3,
      "ownerFirstName": "Nora",
      "ownerLastName": "Velasco",
      "brandName": "The Tacomania Truck",
      "email": "nora.tacomania@gmail.com",
      "address": "44 Manchester Dr., New York, NY 10002",
      "websiteUrl": "https://www.tmifoodtruck.com",
      "menuUrl": "https://www.tmifoodtruck.com/our-food"
    },
    {
      "id": 4,
      "ownerFirstName": "asdasd",
      "ownerLastName": "zvcxz",
      "brandName": "zvz",
      "email": "sadasd@asdas",
      "address": "",
      "websiteUrl": "",
      "menuUrl": ""
    },
    {
      "id": 5,
      "ownerFirstName": "asdasd",
      "ownerLastName": "asdasd",
      "brandName": "zvz",
      "email": "sadasd@asdas",
      "address": "",
      "websiteUrl": "",
      "menuUrl": ""
    },
    {
      "id": 6,
      "ownerFirstName": "asdas",
      "ownerLastName": "sdas",
      "brandName": "asdas",
      "email": "asdas@asdas",
      "address": "asd",
      "websiteUrl": "",
      "menuUrl": ""
    }
  ]
}