{
    "properties": [
        {
            "id_propiedad": 1,
            "titulo": "Casa increible en Santiago de Surco",
            "imagen": "https://e.nexoinmobiliario.pe/customers/grupo-t-c/2951-pardo-coast/departamentos-miraflores-65e86e8f7c9a1_b.jpg",
            "descripcion": "Excelente casa ubicada en una estratégica de Surco- muy cerca de avenidas principales como Av. Primavera, Av. Encalada, Av. El Polo y Av. El Derby, lo que permite el fácil acceso y salida desde diferentes puntos.",
            "precio_dolares": 145000,
            "tipo_propiedad": "Casa",
            "operacion": "Venta",
            "entrega": "Inmediata",
            "area_techada_metros_cuadrados": 308,
            "area_total_metros_cuadrados": 360,
            "cantidad_dormitorios": 5,
            "cantidad_banios": 4,
            "cantidad_estacionamientos": 2,
            "estado_venta": "Disponible",
            "etapa_proyecto": "Terminado",
            "fecha_inicio_proyecto": "24/02/62",
            "antiguedad": "62 años",
            "anunciantes_id_anunciante": 1,
            "ubicaciones_id_ubicacion": 1
        },
        {
            "id_propiedad": 2,
            "titulo": "Departamento de lujo en Miraflores",
            "imagen": "https://e.nexoinmobiliario.pe/customers/andiamo-investments/2095-alvarado/departamentos-chorrillos-6495b06be780e_b.jpg",
            "descripcion": "Espectacular departamento ubicado en el corazón de Miraflores, con vista panorámica al mar. Ideal para personas que buscan comodidad y exclusividad.",
            "precio_dolares": 550,
            "tipo_propiedad": "Departamento",
            "operacion": "Alquiler",
            "entrega": "Un mes después del pago",
            "area_techada_metros_cuadrados": 180,
            "area_total_metros_cuadrados": 220,
            "cantidad_dormitorios": 3,
            "cantidad_banios": 3,
            "cantidad_estacionamientos": 2,
            "estado_venta": "Disponible",
            "etapa_proyecto": "Terminado",
            "fecha_inicio_proyecto": "15/06/10",
            "antiguedad": "14 años",
            "anunciantes_id_anunciante": 2,
            "ubicaciones_id_ubicacion": 2
        },
        {
            "id_propiedad": 3,
            "titulo": "Local comercial en San Isidro",
            "imagen": "https://e.nexoinmobiliario.pe/customers/abril-grupo-inmobiliario-ft/3208-girasol/departamentos-jesus-maria-65e1ecafd53ce_b.jpg",
            "descripcion": "Amplio local comercial ubicado en una zona de alto tránsito en San Isidro. Ideal para establecer tu negocio y captar una gran clientela.",
            "precio_dolares": 480000,
            "tipo_propiedad": "Local Comercial",
            "operacion": "Venta",
            "entrega": "Inmediata",
            "area_techada_metros_cuadrados": 450,
            "area_total_metros_cuadrados": 500,
            "cantidad_dormitorios": 0,
            "cantidad_banios": 2,
            "cantidad_estacionamientos": 4,
            "estado_venta": "Vendido",
            "etapa_proyecto": "Terminado",
            "fecha_inicio_proyecto": "10/03/05",
            "antiguedad": "19 años",
            "anunciantes_id_anunciante": 3,
            "ubicaciones_id_ubicacion": 3
        },
        {
            "id_propiedad": 4,
            "titulo": "Penthouse de ensueño en Barranco",
            "imagen": "https://e.nexoinmobiliario.pe/customers/grupo-t-c/2951-pardo-coast/departamentos-miraflores-65e86e8f7c9a1_b.jpg",
            "descripcion": "Espectacular penthouse ubicado en una de las zonas más bohemias y exclusivas de Barranco. Disfruta de vistas panorámicas y acabados de lujo.",
            "precio_dolares": 225000,
            "tipo_propiedad": "Penthouse",
            "operacion": "Venta",
            "entrega": "Una semana después del pago",
            "area_techada_metros_cuadrados": 400,
            "area_total_metros_cuadrados": 480,
            "cantidad_dormitorios": 4,
            "cantidad_banios": 5,
            "cantidad_estacionamientos": 3,
            "estado_venta": "Disponible",
            "etapa_proyecto": "Terminado",
            "fecha_inicio_proyecto": "20/09/12",
            "antiguedad": "12 años",
            "anunciantes_id_anunciante": 4,
            "ubicaciones_id_ubicacion": 4
        },
        {
            "id_propiedad": 5,
            "titulo": "Oficina corporativa en San Borja",
            "imagen": "https://e.nexoinmobiliario.pe/customers/andiamo-investments/2095-alvarado/departamentos-chorrillos-6495b06be780e_b.jpg",
            "descripcion": "Moderna oficina corporativa ubicada en un edificio exclusivo en San Borja. Ideal para empresas que buscan una imagen profesional y espacios funcionales.",
            "precio_dolares": 350,
            "tipo_propiedad": "Oficina",
            "operacion": "Alquiler",
            "entrega": "Inmediata",
            "area_techada_metros_cuadrados": 320,
            "area_total_metros_cuadrados": 350,
            "cantidad_dormitorios": 0,
            "cantidad_banios": 2,
            "cantidad_estacionamientos": 6,
            "estado_venta": "Alquilado",
            "etapa_proyecto": "Terminado",
            "fecha_inicio_proyecto": "05/07/08",
            "antiguedad": "16 años",
            "anunciantes_id_anunciante": 5,
            "ubicaciones_id_ubicacion": 5
        },
        {
            "id_propiedad": 6,
            "titulo": "Terreno residencial en Huaraz",
            "imagen": "https://e.nexoinmobiliario.pe/customers/abril-grupo-inmobiliario-ft/3208-girasol/departamentos-jesus-maria-65e1ecafd53ce_b.jpg",
            "descripcion": "Amplio terreno residencial ubicado en una zona tranquila y exclusiva de La Molina. Ideal para construir la casa de tus sueños.",
            "precio_dolares": 290000,
            "tipo_propiedad": "Terreno",
            "operacion": "Venta",
            "entrega": "Un mes después del pago",
            "area_techada_metros_cuadrados": 0,
            "area_total_metros_cuadrados": 1500,
            "cantidad_dormitorios": 0,
            "cantidad_banios": 0,
            "cantidad_estacionamientos": 0,
            "estado_venta": "Reservado",
            "etapa_proyecto": "Terminado",
            "fecha_inicio_proyecto": "30/11/15",
            "antiguedad": "9 años",
            "anunciantes_id_anunciante": 6,
            "ubicaciones_id_ubicacion": 6
        },
        {
            "id_propiedad": 7,
            "titulo": "Local industrial en Callao",
            "imagen": "https://e.nexoinmobiliario.pe/customers/grupo-t-c/2951-pardo-coast/departamentos-miraflores-65e86e8f7c9a1_b.jpg",
            "descripcion": "Amplio local industrial ubicado en una zona estratégica del Callao. Ideal para empresas que buscan un espacio funcional y accesible para sus operaciones.",
            "precio_dolares": 620000,
            "tipo_propiedad": "Local Industrial",
            "operacion": "Venta",
            "entrega": "Inmediata",
            "area_techada_metros_cuadrados": 600,
            "area_total_metros_cuadrados": 700,
            "cantidad_dormitorios": 0,
            "cantidad_banios": 2,
            "cantidad_estacionamientos": 10,
            "estado_venta": "Disponible",
            "etapa_proyecto": "Terminado",
            "fecha_inicio_proyecto": "12/04/07",
            "antiguedad": "17 años",
            "anunciantes_id_anunciante": 7,
            "ubicaciones_id_ubicacion": 7
        },
        {
            "id_propiedad": 8,
            "titulo": "Departamento de estreno en Jesus Maria",
            "imagen": "https://e.nexoinmobiliario.pe/customers/andiamo-investments/2095-alvarado/departamentos-chorrillos-6495b06be780e_b.jpg",
            "descripcion": "Moderno departamento de estreno ubicado en una zona residencial de Jesús María. Ideal para familias que buscan comodidad y seguridad.",
            "precio_dolares": 120000,
            "tipo_propiedad": "Departamento",
            "operacion": "Venta",
            "entrega": "Inmediata",
            "area_techada_metros_cuadrados": 120,
            "area_total_metros_cuadrados": 150,
            "cantidad_dormitorios": 3,
            "cantidad_banios": 2,
            "cantidad_estacionamientos": 1,
            "estado_venta": "Disponible",
            "etapa_proyecto": "En Construcción",
            "fecha_inicio_proyecto": "05/09/23",
            "antiguedad": "Nueva",
            "anunciantes_id_anunciante": 8,
            "ubicaciones_id_ubicacion": 8
        },
        {
            "id_propiedad": 9,
            "titulo": "Casa de playa en Asia",
            "imagen": "https://e.nexoinmobiliario.pe/customers/abril-grupo-inmobiliario-ft/3208-girasol/departamentos-jesus-maria-65e1ecafd53ce_b.jpg",
            "descripcion": "Acogedora casa de playa ubicada en un exclusivo condominio en Asia. Ideal para escapadas familiares y disfrutar del sol y la playa.",
            "precio_dolares": 280000,
            "tipo_propiedad": "Casa de Playa",
            "operacion": "Venta",
            "entrega": "Inmediata",
            "area_techada_metros_cuadrados": 240,
            "area_total_metros_cuadrados": 300,
            "cantidad_dormitorios": 4,
            "cantidad_banios": 3,
            "cantidad_estacionamientos": 2,
            "estado_venta": "Disponible",
            "etapa_proyecto": "En planos",
            "fecha_inicio_proyecto": "18/11/24",
            "antiguedad": "Nueva",
            "anunciantes_id_anunciante": 9,
            "ubicaciones_id_ubicacion": 9
        },
        {
            "id_propiedad": 10,
            "titulo": "Departamento con vista al mar en Camaná",
            "imagen": "https://e.nexoinmobiliario.pe/customers/grupo-t-c/2951-pardo-coast/departamentos-miraflores-65e86e8f7c9a1_b.jpg",
            "descripcion": "Departamento con excelente vista al mar ubicado en una zona tranquila de Chorrillos. Ideal para disfrutar del clima y la brisa marina.",
            "precio_dolares": 100000,
            "tipo_propiedad": "Departamento",
            "operacion": "Venta",
            "entrega": "Un mes después del pago",
            "area_techada_metros_cuadrados": 180,
            "area_total_metros_cuadrados": 200,
            "cantidad_dormitorios": 3,
            "cantidad_banios": 2,
            "cantidad_estacionamientos": 1,
            "estado_venta": "Vendido",
            "etapa_proyecto": "Terminado",
            "fecha_inicio_proyecto": "08/03/13",
            "antiguedad": "11 años",
            "anunciantes_id_anunciante": 10,
            "ubicaciones_id_ubicacion": 10
        }
    ]
}