{
  "hash": "c46984fb",
  "configHash": "4e5f715a",
  "lockfileHash": "1cda7bf9",
  "browserHash": "7fd013e3",
  "optimized": {
    "@angular/common/http": {
      "src": "../../../../../node_modules/@angular/common/fesm2022/http.mjs",
      "file": "@angular_common_http.js",
      "fileHash": "84171ec0",
      "needsInterop": false
    },
    "@angular/core": {
      "src": "../../../../../node_modules/@angular/core/fesm2022/core.mjs",
      "file": "@angular_core.js",
      "fileHash": "fecd79e6",
      "needsInterop": false
    },
    "@angular/material/toolbar": {
      "src": "../../../../../node_modules/@angular/material/fesm2022/toolbar.mjs",
      "file": "@angular_material_toolbar.js",
      "fileHash": "420433b6",
      "needsInterop": false
    },
    "@angular/platform-browser": {
      "src": "../../../../../node_modules/@angular/platform-browser/fesm2022/platform-browser.mjs",
      "file": "@angular_platform-browser.js",
      "fileHash": "3d49974f",
      "needsInterop": false
    },
    "@angular/router": {
      "src": "../../../../../node_modules/@angular/router/fesm2022/router.mjs",
      "file": "@angular_router.js",
      "fileHash": "71f38b8f",
      "needsInterop": false
    },
    "@angular/material/table": {
      "src": "../../../../../node_modules/@angular/material/fesm2022/table.mjs",
      "file": "@angular_material_table.js",
      "fileHash": "8a7fbe94",
      "needsInterop": false
    }
  },
  "chunks": {
    "chunk-FC66PVTC": {
      "file": "chunk-FC66PVTC.js"
    },
    "chunk-H76GUD26": {
      "file": "chunk-H76GUD26.js"
    },
    "chunk-JDIV2GIK": {
      "file": "chunk-JDIV2GIK.js"
    },
    "chunk-7FIFXTFM": {
      "file": "chunk-7FIFXTFM.js"
    },
    "chunk-XDYPIIM4": {
      "file": "chunk-XDYPIIM4.js"
    }
  }
}