{
  "hash": "3c726203",
  "configHash": "6235126c",
  "lockfileHash": "7d0e5fe5",
  "browserHash": "62afc97a",
  "optimized": {
    "@angular/common/http": {
      "src": "../../../../../node_modules/@angular/common/fesm2022/http.mjs",
      "file": "@angular_common_http.js",
      "fileHash": "3d9d7959",
      "needsInterop": false
    },
    "@angular/core": {
      "src": "../../../../../node_modules/@angular/core/fesm2022/core.mjs",
      "file": "@angular_core.js",
      "fileHash": "fd9d26d4",
      "needsInterop": false
    },
    "@angular/material/toolbar": {
      "src": "../../../../../node_modules/@angular/material/fesm2022/toolbar.mjs",
      "file": "@angular_material_toolbar.js",
      "fileHash": "fdf66bcd",
      "needsInterop": false
    },
    "@angular/platform-browser": {
      "src": "../../../../../node_modules/@angular/platform-browser/fesm2022/platform-browser.mjs",
      "file": "@angular_platform-browser.js",
      "fileHash": "71164400",
      "needsInterop": false
    },
    "@angular/router": {
      "src": "../../../../../node_modules/@angular/router/fesm2022/router.mjs",
      "file": "@angular_router.js",
      "fileHash": "3a88ab7c",
      "needsInterop": false
    },
    "@angular/material/card": {
      "src": "../../../../../node_modules/@angular/material/fesm2022/card.mjs",
      "file": "@angular_material_card.js",
      "fileHash": "af535816",
      "needsInterop": false
    },
    "@angular/material/table": {
      "src": "../../../../../node_modules/@angular/material/fesm2022/table.mjs",
      "file": "@angular_material_table.js",
      "fileHash": "c6471b65",
      "needsInterop": false
    }
  },
  "chunks": {
    "chunk-FC66PVTC": {
      "file": "chunk-FC66PVTC.js"
    },
    "chunk-H76GUD26": {
      "file": "chunk-H76GUD26.js"
    },
    "chunk-JDIV2GIK": {
      "file": "chunk-JDIV2GIK.js"
    },
    "chunk-7FIFXTFM": {
      "file": "chunk-7FIFXTFM.js"
    },
    "chunk-XDYPIIM4": {
      "file": "chunk-XDYPIIM4.js"
    }
  }
}