{
  "hash": "259ba0a4",
  "configHash": "2ef39b22",
  "lockfileHash": "61cf0774",
  "browserHash": "1c0dadf6",
  "optimized": {
    "@angular/platform-browser": {
      "src": "../../../../../node_modules/@angular/platform-browser/fesm2022/platform-browser.mjs",
      "file": "@angular_platform-browser.js",
      "fileHash": "1a81d8d7",
      "needsInterop": false
    },
    "@angular/router": {
      "src": "../../../../../node_modules/@angular/router/fesm2022/router.mjs",
      "file": "@angular_router.js",
      "fileHash": "f87a1ebf",
      "needsInterop": false
    },
    "@angular/common/http": {
      "src": "../../../../../node_modules/@angular/common/fesm2022/http.mjs",
      "file": "@angular_common_http.js",
      "fileHash": "c86fa81c",
      "needsInterop": false
    },
    "@angular/core": {
      "src": "../../../../../node_modules/@angular/core/fesm2022/core.mjs",
      "file": "@angular_core.js",
      "fileHash": "b18910d8",
      "needsInterop": false
    },
    "@angular/material/toolbar": {
      "src": "../../../../../node_modules/@angular/material/fesm2022/toolbar.mjs",
      "file": "@angular_material_toolbar.js",
      "fileHash": "2bf7ed67",
      "needsInterop": false
    },
    "@angular/material/card": {
      "src": "../../../../../node_modules/@angular/material/fesm2022/card.mjs",
      "file": "@angular_material_card.js",
      "fileHash": "3531e779",
      "needsInterop": false
    },
    "@angular/material/form-field": {
      "src": "../../../../../node_modules/@angular/material/fesm2022/form-field.mjs",
      "file": "@angular_material_form-field.js",
      "fileHash": "35f2cc5f",
      "needsInterop": false
    },
    "@angular/material/input": {
      "src": "../../../../../node_modules/@angular/material/fesm2022/input.mjs",
      "file": "@angular_material_input.js",
      "fileHash": "fbad2e76",
      "needsInterop": false
    },
    "@angular/forms": {
      "src": "../../../../../node_modules/@angular/forms/fesm2022/forms.mjs",
      "file": "@angular_forms.js",
      "fileHash": "8249307c",
      "needsInterop": false
    },
    "@angular/material/button": {
      "src": "../../../../../node_modules/@angular/material/fesm2022/button.mjs",
      "file": "@angular_material_button.js",
      "fileHash": "a3f3eee1",
      "needsInterop": false
    }
  },
  "chunks": {
    "chunk-EODXBDG7": {
      "file": "chunk-EODXBDG7.js"
    },
    "chunk-JZUW6VEX": {
      "file": "chunk-JZUW6VEX.js"
    },
    "chunk-O4NVLCFB": {
      "file": "chunk-O4NVLCFB.js"
    },
    "chunk-5R5AUK2O": {
      "file": "chunk-5R5AUK2O.js"
    },
    "chunk-4SDAFFAC": {
      "file": "chunk-4SDAFFAC.js"
    },
    "chunk-3NDEFRE6": {
      "file": "chunk-3NDEFRE6.js"
    },
    "chunk-WWLBGXS4": {
      "file": "chunk-WWLBGXS4.js"
    }
  }
}