{
  "hash": "5d92b085",
  "configHash": "6a9c90b8",
  "lockfileHash": "c69779b4",
  "browserHash": "6cee29a8",
  "optimized": {
    "@angular/common/http": {
      "src": "../../../../../node_modules/@angular/common/fesm2022/http.mjs",
      "file": "@angular_common_http.js",
      "fileHash": "4d5d9199",
      "needsInterop": false
    },
    "@angular/core": {
      "src": "../../../../../node_modules/@angular/core/fesm2022/core.mjs",
      "file": "@angular_core.js",
      "fileHash": "2351d772",
      "needsInterop": false
    },
    "@angular/material/button": {
      "src": "../../../../../node_modules/@angular/material/fesm2022/button.mjs",
      "file": "@angular_material_button.js",
      "fileHash": "48757b68",
      "needsInterop": false
    },
    "@angular/material/icon": {
      "src": "../../../../../node_modules/@angular/material/fesm2022/icon.mjs",
      "file": "@angular_material_icon.js",
      "fileHash": "7f5fec15",
      "needsInterop": false
    },
    "@angular/material/toolbar": {
      "src": "../../../../../node_modules/@angular/material/fesm2022/toolbar.mjs",
      "file": "@angular_material_toolbar.js",
      "fileHash": "c4a9a7a6",
      "needsInterop": false
    },
    "@angular/platform-browser": {
      "src": "../../../../../node_modules/@angular/platform-browser/fesm2022/platform-browser.mjs",
      "file": "@angular_platform-browser.js",
      "fileHash": "991fc7c3",
      "needsInterop": false
    },
    "@angular/platform-browser/animations/async": {
      "src": "../../../../../node_modules/@angular/platform-browser/fesm2022/animations/async.mjs",
      "file": "@angular_platform-browser_animations_async.js",
      "fileHash": "77a063fe",
      "needsInterop": false
    },
    "@angular/router": {
      "src": "../../../../../node_modules/@angular/router/fesm2022/router.mjs",
      "file": "@angular_router.js",
      "fileHash": "9932cd4d",
      "needsInterop": false
    },
    "@angular/forms": {
      "src": "../../../../../node_modules/@angular/forms/fesm2022/forms.mjs",
      "file": "@angular_forms.js",
      "fileHash": "dcd1e418",
      "needsInterop": false
    },
    "rxjs": {
      "src": "../../../../../node_modules/rxjs/dist/esm5/index.js",
      "file": "rxjs.js",
      "fileHash": "bbb8f4f2",
      "needsInterop": false
    },
    "@angular/material/input": {
      "src": "../../../../../node_modules/@angular/material/fesm2022/input.mjs",
      "file": "@angular_material_input.js",
      "fileHash": "5a7e3e90",
      "needsInterop": false
    },
    "@angular/material/form-field": {
      "src": "../../../../../node_modules/@angular/material/fesm2022/form-field.mjs",
      "file": "@angular_material_form-field.js",
      "fileHash": "414fc397",
      "needsInterop": false
    },
    "@angular/material/card": {
      "src": "../../../../../node_modules/@angular/material/fesm2022/card.mjs",
      "file": "@angular_material_card.js",
      "fileHash": "711b7e4f",
      "needsInterop": false
    }
  },
  "chunks": {
    "chunk-LZ7LOWXC": {
      "file": "chunk-LZ7LOWXC.js"
    },
    "chunk-76JJ3VAL": {
      "file": "chunk-76JJ3VAL.js"
    },
    "browser-JGUAS4PF": {
      "file": "browser-JGUAS4PF.js"
    },
    "chunk-GJWCGR6O": {
      "file": "chunk-GJWCGR6O.js"
    },
    "chunk-PQXAAXY3": {
      "file": "chunk-PQXAAXY3.js"
    },
    "chunk-PSSVXGOS": {
      "file": "chunk-PSSVXGOS.js"
    },
    "chunk-S57QXRZF": {
      "file": "chunk-S57QXRZF.js"
    },
    "chunk-NWSMJC2I": {
      "file": "chunk-NWSMJC2I.js"
    },
    "chunk-7G4ISVJH": {
      "file": "chunk-7G4ISVJH.js"
    },
    "chunk-SXIXOCJ4": {
      "file": "chunk-SXIXOCJ4.js"
    }
  }
}