{
  "hash": "52493f8a",
  "configHash": "bba92981",
  "lockfileHash": "9c034222",
  "browserHash": "6908d975",
  "optimized": {
    "@angular/common/http": {
      "src": "../../../../../node_modules/@angular/common/fesm2022/http.mjs",
      "file": "@angular_common_http.js",
      "fileHash": "37a27cd1",
      "needsInterop": false
    },
    "@angular/core": {
      "src": "../../../../../node_modules/@angular/core/fesm2022/core.mjs",
      "file": "@angular_core.js",
      "fileHash": "0797c159",
      "needsInterop": false
    },
    "@angular/forms": {
      "src": "../../../../../node_modules/@angular/forms/fesm2022/forms.mjs",
      "file": "@angular_forms.js",
      "fileHash": "84ee8db6",
      "needsInterop": false
    },
    "@angular/material/button": {
      "src": "../../../../../node_modules/@angular/material/fesm2022/button.mjs",
      "file": "@angular_material_button.js",
      "fileHash": "645079a1",
      "needsInterop": false
    },
    "@angular/material/form-field": {
      "src": "../../../../../node_modules/@angular/material/fesm2022/form-field.mjs",
      "file": "@angular_material_form-field.js",
      "fileHash": "674e0851",
      "needsInterop": false
    },
    "@angular/material/icon": {
      "src": "../../../../../node_modules/@angular/material/fesm2022/icon.mjs",
      "file": "@angular_material_icon.js",
      "fileHash": "72513162",
      "needsInterop": false
    },
    "@angular/material/input": {
      "src": "../../../../../node_modules/@angular/material/fesm2022/input.mjs",
      "file": "@angular_material_input.js",
      "fileHash": "3590c367",
      "needsInterop": false
    },
    "@angular/material/paginator": {
      "src": "../../../../../node_modules/@angular/material/fesm2022/paginator.mjs",
      "file": "@angular_material_paginator.js",
      "fileHash": "45946567",
      "needsInterop": false
    },
    "@angular/material/sort": {
      "src": "../../../../../node_modules/@angular/material/fesm2022/sort.mjs",
      "file": "@angular_material_sort.js",
      "fileHash": "35bde0e1",
      "needsInterop": false
    },
    "@angular/material/table": {
      "src": "../../../../../node_modules/@angular/material/fesm2022/table.mjs",
      "file": "@angular_material_table.js",
      "fileHash": "88314092",
      "needsInterop": false
    },
    "@angular/material/toolbar": {
      "src": "../../../../../node_modules/@angular/material/fesm2022/toolbar.mjs",
      "file": "@angular_material_toolbar.js",
      "fileHash": "4fbdfb85",
      "needsInterop": false
    },
    "@angular/platform-browser": {
      "src": "../../../../../node_modules/@angular/platform-browser/fesm2022/platform-browser.mjs",
      "file": "@angular_platform-browser.js",
      "fileHash": "f3d719eb",
      "needsInterop": false
    },
    "@angular/platform-browser/animations/async": {
      "src": "../../../../../node_modules/@angular/platform-browser/fesm2022/animations/async.mjs",
      "file": "@angular_platform-browser_animations_async.js",
      "fileHash": "43c7caee",
      "needsInterop": false
    },
    "@angular/router": {
      "src": "../../../../../node_modules/@angular/router/fesm2022/router.mjs",
      "file": "@angular_router.js",
      "fileHash": "0971592e",
      "needsInterop": false
    },
    "rxjs": {
      "src": "../../../../../node_modules/rxjs/dist/esm5/index.js",
      "file": "rxjs.js",
      "fileHash": "017229b0",
      "needsInterop": false
    }
  },
  "chunks": {
    "browser-PNHF5FXX": {
      "file": "browser-PNHF5FXX.js"
    },
    "chunk-U3ZCD6GC": {
      "file": "chunk-U3ZCD6GC.js"
    },
    "chunk-DPZPIYAS": {
      "file": "chunk-DPZPIYAS.js"
    },
    "chunk-ZBCJMRIT": {
      "file": "chunk-ZBCJMRIT.js"
    },
    "chunk-F7HEDA7E": {
      "file": "chunk-F7HEDA7E.js"
    },
    "chunk-2NXQECB7": {
      "file": "chunk-2NXQECB7.js"
    },
    "chunk-ZJBJWAC7": {
      "file": "chunk-ZJBJWAC7.js"
    },
    "chunk-JF7FCY32": {
      "file": "chunk-JF7FCY32.js"
    },
    "chunk-SQQ5QJDW": {
      "file": "chunk-SQQ5QJDW.js"
    },
    "chunk-GNJKSBAG": {
      "file": "chunk-GNJKSBAG.js"
    },
    "chunk-7G4ISVJH": {
      "file": "chunk-7G4ISVJH.js"
    },
    "chunk-SXIXOCJ4": {
      "file": "chunk-SXIXOCJ4.js"
    }
  }
}