{
  "offers": [
    {
      "id": 1,
      "title": "Updated Offer 1",
      "description": "This is updated offer 1",
      "points": 90,
      "businessId": 1
    },
    {
      "id": 2,
      "title": "Offer 2",
      "description": "Offer 2 description",
      "points": 100,
      "businessId": 1
    },
    {
      "id": 3,
      "title": "Offer 3",
      "description": "Offer 3 description",
      "points": 50,
      "businessId": 2
    },
    {
      "id": 4,
      "title": "Offer 4",
      "description": "Offer 4 description",
      "points": 100,
      "businessId": 3
    },
    {
      "id": 5,
      "title": "titulo 2",
      "description": "descripcion 2",
      "points": 55,
      "businessId": 2
    },
    {
      "id": 6,
      "title": "titulo 1",
      "description": "descripcion 1",
      "points": 55,
      "businessId": 1
    },
    {
      "id": 7,
      "title": "Me gusta este titulo",
      "description": "Descripcion",
      "points": 2,
      "businessId": 0
    },
    {
      "id": 8,
      "title": "Funcionaa",
      "description": "xd",
      "points": 1,
      "businessId": 0
    }
  ]
}