{
  "hash": "89d09e59",
  "configHash": "1ba28d26",
  "lockfileHash": "61cf0774",
  "browserHash": "72c5205c",
  "optimized": {
    "@angular/core": {
      "src": "../../../../../node_modules/@angular/core/fesm2022/core.mjs",
      "file": "@angular_core.js",
      "fileHash": "edbeffc9",
      "needsInterop": false
    },
    "@angular/platform-browser": {
      "src": "../../../../../node_modules/@angular/platform-browser/fesm2022/platform-browser.mjs",
      "file": "@angular_platform-browser.js",
      "fileHash": "17440390",
      "needsInterop": false
    },
    "@angular/router": {
      "src": "../../../../../node_modules/@angular/router/fesm2022/router.mjs",
      "file": "@angular_router.js",
      "fileHash": "ed391f14",
      "needsInterop": false
    }
  },
  "chunks": {
    "chunk-ZQYC46LV": {
      "file": "chunk-ZQYC46LV.js"
    },
    "chunk-7XNSWP76": {
      "file": "chunk-7XNSWP76.js"
    }
  }
}