{
  "hash": "9c8dbcba",
  "configHash": "65e41318",
  "lockfileHash": "9c034222",
  "browserHash": "6f810ad4",
  "optimized": {
    "@angular/common/http": {
      "src": "../../../../../node_modules/@angular/common/fesm2022/http.mjs",
      "file": "@angular_common_http.js",
      "fileHash": "54072487",
      "needsInterop": false
    },
    "@angular/core": {
      "src": "../../../../../node_modules/@angular/core/fesm2022/core.mjs",
      "file": "@angular_core.js",
      "fileHash": "46ed99e9",
      "needsInterop": false
    },
    "@angular/forms": {
      "src": "../../../../../node_modules/@angular/forms/fesm2022/forms.mjs",
      "file": "@angular_forms.js",
      "fileHash": "e1b06760",
      "needsInterop": false
    },
    "@angular/material/button": {
      "src": "../../../../../node_modules/@angular/material/fesm2022/button.mjs",
      "file": "@angular_material_button.js",
      "fileHash": "c18fc6ce",
      "needsInterop": false
    },
    "@angular/material/form-field": {
      "src": "../../../../../node_modules/@angular/material/fesm2022/form-field.mjs",
      "file": "@angular_material_form-field.js",
      "fileHash": "8dd24001",
      "needsInterop": false
    },
    "@angular/material/icon": {
      "src": "../../../../../node_modules/@angular/material/fesm2022/icon.mjs",
      "file": "@angular_material_icon.js",
      "fileHash": "0d1fbc04",
      "needsInterop": false
    },
    "@angular/material/input": {
      "src": "../../../../../node_modules/@angular/material/fesm2022/input.mjs",
      "file": "@angular_material_input.js",
      "fileHash": "b70f0ac8",
      "needsInterop": false
    },
    "@angular/material/paginator": {
      "src": "../../../../../node_modules/@angular/material/fesm2022/paginator.mjs",
      "file": "@angular_material_paginator.js",
      "fileHash": "af4357d3",
      "needsInterop": false
    },
    "@angular/material/sort": {
      "src": "../../../../../node_modules/@angular/material/fesm2022/sort.mjs",
      "file": "@angular_material_sort.js",
      "fileHash": "f0e59886",
      "needsInterop": false
    },
    "@angular/material/table": {
      "src": "../../../../../node_modules/@angular/material/fesm2022/table.mjs",
      "file": "@angular_material_table.js",
      "fileHash": "656f2b0e",
      "needsInterop": false
    },
    "@angular/material/toolbar": {
      "src": "../../../../../node_modules/@angular/material/fesm2022/toolbar.mjs",
      "file": "@angular_material_toolbar.js",
      "fileHash": "d1885a25",
      "needsInterop": false
    },
    "@angular/platform-browser": {
      "src": "../../../../../node_modules/@angular/platform-browser/fesm2022/platform-browser.mjs",
      "file": "@angular_platform-browser.js",
      "fileHash": "92aa036b",
      "needsInterop": false
    },
    "@angular/platform-browser/animations/async": {
      "src": "../../../../../node_modules/@angular/platform-browser/fesm2022/animations/async.mjs",
      "file": "@angular_platform-browser_animations_async.js",
      "fileHash": "7211f58b",
      "needsInterop": false
    },
    "@angular/router": {
      "src": "../../../../../node_modules/@angular/router/fesm2022/router.mjs",
      "file": "@angular_router.js",
      "fileHash": "888a4601",
      "needsInterop": false
    },
    "rxjs": {
      "src": "../../../../../node_modules/rxjs/dist/esm5/index.js",
      "file": "rxjs.js",
      "fileHash": "e8636e5f",
      "needsInterop": false
    }
  },
  "chunks": {
    "browser-PNHF5FXX": {
      "file": "browser-PNHF5FXX.js"
    },
    "chunk-DPZPIYAS": {
      "file": "chunk-DPZPIYAS.js"
    },
    "chunk-ZBCJMRIT": {
      "file": "chunk-ZBCJMRIT.js"
    },
    "chunk-FOBX5RBW": {
      "file": "chunk-FOBX5RBW.js"
    },
    "chunk-5DVSJL5T": {
      "file": "chunk-5DVSJL5T.js"
    },
    "chunk-F7HEDA7E": {
      "file": "chunk-F7HEDA7E.js"
    },
    "chunk-FPAONQTN": {
      "file": "chunk-FPAONQTN.js"
    },
    "chunk-JF7FCY32": {
      "file": "chunk-JF7FCY32.js"
    },
    "chunk-XLUGV64Y": {
      "file": "chunk-XLUGV64Y.js"
    },
    "chunk-GNJKSBAG": {
      "file": "chunk-GNJKSBAG.js"
    },
    "chunk-7G4ISVJH": {
      "file": "chunk-7G4ISVJH.js"
    },
    "chunk-SXIXOCJ4": {
      "file": "chunk-SXIXOCJ4.js"
    }
  }
}