{
  "centers": [
    {
      "id": 1,
      "name": "Los Angeles Center"
    },
    {
      "id": 2,
      "name": "New York Center"
    },
    {
      "id": 3,
      "name": "Sidney Center"
    },
    {
      "id": 4,
      "name": "Montreal Center"
    },
    {
      "id": 5,
      "name": "Paris Center"
    },
    {
      "id": 6,
      "name": "Madrid Center"
    }
  ],
  "participants": [
    {
      "id": 1,
      "firstName": "John",
      "lastName": "Doe",
      "photoUrl": "https://images.generated.photos/hHL_6llWg8DJq7MTaBsfUu3fVQNf7ebGSUY90AV9BxI/rs:fit:256:256/czM6Ly9pY29uczgu/Z3Bob3Rvcy1wcm9k/LnBob3Rvcy92M18w/MDM4MzI2LmpwZw.jpg",
      "centerId": 1,
      "ranking": 6,
      "recordTime": "01:48:00"
    },
    {
      "id": 2,
      "firstName": "Arthur",
      "lastName": "Curry",
      "photoUrl": "https://images.generated.photos/gS2LI7bp1_iywNr52W_YJt21DHdUiLsOmyJCoOuT3bY/rs:fit:256:256/czM6Ly9pY29uczgu/Z3Bob3Rvcy1wcm9k/LnBob3Rvcy92Ml8w/MDc3NTY1LmpwZw.jpg",
      "centerId": 2,
      "ranking": 4,
      "recordTime": "01:32:00"
    },
    {
      "id": 3,
      "firstName": "Jenny",
      "lastName": "Stevens",
      "photoUrl": "https://images.generated.photos/_EXEmlw3FSTEf6dnWio7DqzeamXP4hCwkH5OAgmywY4/rs:fit:256:256/czM6Ly9pY29uczgu/Z3Bob3Rvcy1wcm9k/LnBob3Rvcy92M18w/MDQwMzQwLmpwZw.jpg",
      "centerId": 3,
      "ranking": 1,
      "recordTime": "01:28:36"
    },
    {
      "id": 4,
      "firstName": "Karen",
      "lastName": "Perry",
      "photoUrl": "https://images.generated.photos/oXGA-XY9DNXfTeVx26AFjQWkPEyKPcXbr4JgRDxrdFE/rs:fit:256:256/czM6Ly9pY29uczgu/Z3Bob3Rvcy1wcm9k/LnBob3Rvcy92Ml8w/MDEwMDU4LmpwZw.jpg",
      "centerId": 4,
      "ranking": 2,
      "recordTime": "01:29:05"
    },
    {
      "id": 5,
      "firstName": "Bill",
      "lastName": "Adams",
      "photoUrl": "https://images.generated.photos/ReXSBZBtGbI6hsMKbiRxDKH4uxKiQBIICbYkmFuVoiU/rs:fit:256:256/czM6Ly9pY29uczgu/Z3Bob3Rvcy1wcm9k/LnBob3Rvcy92M18w/MDkxNzM0XzA4MjE3/MTlfMDU5MjAyMS5q/cGc.jpg",
      "centerId": 5,
      "ranking": 3,
      "recordTime": "01:29:54"
    },
    {
      "id": 6,
      "firstName": "Steve",
      "lastName": "Perry",
      "photoUrl": "https://images.generated.photos/AKM7fA8jAVP83zmVJluQHCa_LbEwRhMODYb0dt_cEH4/rs:fit:256:256/czM6Ly9pY29uczgu/Z3Bob3Rvcy1wcm9k/LnBob3Rvcy92M18w/MzQ0OTY2LmpwZw.jpg",
      "centerId": 6,
      "ranking": 5,
      "recordTime": "01:47:02"
    },
    {
      "id": 7,
      "firstName": "Deborah",
      "lastName": "Madison",
      "photoUrl": "https://images.generated.photos/uFf944YizIV4_aX_i0wrrzB0YQ2eDwv5T1jpJLkarrQ/rs:fit:256:256/czM6Ly9pY29uczgu/Z3Bob3Rvcy1wcm9k/LnBob3Rvcy92M18w/MzU1NDkxLmpwZw.jpg",
      "centerId": 2,
      "ranking": 7,
      "recordTime": "01:51:15"
    }
  ]
}
