{
  "hash": "6d2d325b",
  "configHash": "4b5770cf",
  "lockfileHash": "51d237e4",
  "browserHash": "ce8e3f1b",
  "optimized": {
    "@angular/common/http": {
      "src": "../../../../../node_modules/@angular/common/fesm2022/http.mjs",
      "file": "@angular_common_http.js",
      "fileHash": "b517cf67",
      "needsInterop": false
    },
    "@angular/core": {
      "src": "../../../../../node_modules/@angular/core/fesm2022/core.mjs",
      "file": "@angular_core.js",
      "fileHash": "f561f0bf",
      "needsInterop": false
    },
    "@angular/forms": {
      "src": "../../../../../node_modules/@angular/forms/fesm2022/forms.mjs",
      "file": "@angular_forms.js",
      "fileHash": "50494429",
      "needsInterop": false
    },
    "@angular/material/button": {
      "src": "../../../../../node_modules/@angular/material/fesm2022/button.mjs",
      "file": "@angular_material_button.js",
      "fileHash": "1a56d225",
      "needsInterop": false
    },
    "@angular/material/form-field": {
      "src": "../../../../../node_modules/@angular/material/fesm2022/form-field.mjs",
      "file": "@angular_material_form-field.js",
      "fileHash": "ee53d03a",
      "needsInterop": false
    },
    "@angular/material/input": {
      "src": "../../../../../node_modules/@angular/material/fesm2022/input.mjs",
      "file": "@angular_material_input.js",
      "fileHash": "2357e8e4",
      "needsInterop": false
    },
    "@angular/material/table": {
      "src": "../../../../../node_modules/@angular/material/fesm2022/table.mjs",
      "file": "@angular_material_table.js",
      "fileHash": "200d9220",
      "needsInterop": false
    },
    "@angular/material/toolbar": {
      "src": "../../../../../node_modules/@angular/material/fesm2022/toolbar.mjs",
      "file": "@angular_material_toolbar.js",
      "fileHash": "61fdbef0",
      "needsInterop": false
    },
    "@angular/platform-browser": {
      "src": "../../../../../node_modules/@angular/platform-browser/fesm2022/platform-browser.mjs",
      "file": "@angular_platform-browser.js",
      "fileHash": "7e6af351",
      "needsInterop": false
    },
    "@angular/platform-browser/animations/async": {
      "src": "../../../../../node_modules/@angular/platform-browser/fesm2022/animations/async.mjs",
      "file": "@angular_platform-browser_animations_async.js",
      "fileHash": "0911ca9f",
      "needsInterop": false
    },
    "@angular/router": {
      "src": "../../../../../node_modules/@angular/router/fesm2022/router.mjs",
      "file": "@angular_router.js",
      "fileHash": "0e187276",
      "needsInterop": false
    },
    "lodash": {
      "src": "../../../../../node_modules/lodash/lodash.js",
      "file": "lodash.js",
      "fileHash": "709b98bb",
      "needsInterop": true
    },
    "rxjs": {
      "src": "../../../../../node_modules/rxjs/dist/esm5/index.js",
      "file": "rxjs.js",
      "fileHash": "7b41a99d",
      "needsInterop": false
    },
    "@angular/material/paginator": {
      "src": "../../../../../node_modules/@angular/material/fesm2022/paginator.mjs",
      "file": "@angular_material_paginator.js",
      "fileHash": "52d772f5",
      "needsInterop": false
    },
    "@angular/material/sort": {
      "src": "../../../../../node_modules/@angular/material/fesm2022/sort.mjs",
      "file": "@angular_material_sort.js",
      "fileHash": "688c104a",
      "needsInterop": false
    }
  },
  "chunks": {
    "browser-43IGXYWC": {
      "file": "browser-43IGXYWC.js"
    },
    "chunk-7FAB2DBV": {
      "file": "chunk-7FAB2DBV.js"
    },
    "chunk-3IYQFYXH": {
      "file": "chunk-3IYQFYXH.js"
    },
    "chunk-URHVQ332": {
      "file": "chunk-URHVQ332.js"
    },
    "chunk-KWEVHBRX": {
      "file": "chunk-KWEVHBRX.js"
    },
    "chunk-CTMN6U52": {
      "file": "chunk-CTMN6U52.js"
    },
    "chunk-QNTI75DX": {
      "file": "chunk-QNTI75DX.js"
    },
    "chunk-52K5H2R7": {
      "file": "chunk-52K5H2R7.js"
    },
    "chunk-KYU46FVZ": {
      "file": "chunk-KYU46FVZ.js"
    },
    "chunk-FSERUISJ": {
      "file": "chunk-FSERUISJ.js"
    },
    "chunk-HAFZABSX": {
      "file": "chunk-HAFZABSX.js"
    },
    "chunk-WSA2QMXP": {
      "file": "chunk-WSA2QMXP.js"
    },
    "chunk-WKYGNSYM": {
      "file": "chunk-WKYGNSYM.js"
    }
  }
}